<?xml version='1.0' encoding='UTF-8'?>
<ti:app xmlns:ti='http://ti.appcelerator.org'>
<id>nl.cryptobox.app</id>
<name>Cryptobox</name>
<version>0.1</version>
<publisher>Active8</publisher>
<url>http://www.active8.nl</url>
<icon>default_app_logo.png</icon>
<copyright>Active8</copyright>
<!-- Window Definition - these values can be edited -->
<window>
<id>initial</id>
<title>Cryptobox</title>
<url>app://index.html</url>
<width>1200</width>
<max-width>3000</max-width>
<min-width>0</min-width>
<height>768</height>
<max-height>3000</max-height>
<min-height>0</min-height>
<fullscreen>false</fullscreen>
<resizable>true</resizable>
<chrome scrollbars="true">true</chrome>
<maximizable>true</maximizable>
<minimizable>true</minimizable>
<closeable>true</closeable>
</window>
</ti:app>
